Time;Reduced Scale Factor
0;0
0.04062772305362827;0.024564795827471203
0.08125544610725655;0.033778216016692064
0.12188316916088304;0.041857573237490904
0.16251089221451132;0.04921460768948344
0.2031386152681396;0.056054387738635116
0.24376633832176609;0.06249770982808698
0.28439406137539436;0.0686232840371895
0.32502178442902263;0.07448600319230696
0.3656495074826491;0.08012607524723209
0.4062772305362774;0.0855740674653034
0.4469049535899057;0.09085390619643641
0.48753267664353217;0.09598476571263298
0.5281603996971604;0.10098231298554897
0.5687881227507887;0.10585955915896406
0.6094158458044152;0.11062746035968501
0.6500435688580435;0.11529535293725489
0.6906712919116718;0.11987127595894048
0.7312990149652983;0.1243622148932205
0.7719267380189265;0.1287742889303875
0.8125544610725548;0.13311289717809727
0.8531821841261813;0.13738283431218057
0.8938099071798096;0.14158838317845213
0.9344376302334378;0.14573338975238256
0.9750653532870643;0.14982132442040996
1.0156930763406926;0.1538553325316172
1.0563207993943209;0.1578382764427945
1.0969485224479474;0.16177277075330762
1.1375762455015757;0.16566121203885223
1.178203968555204;0.16950580410469257
1.2188316916088304;0.17330857956164997
1.2594594146624587;0.1770714183626253
1.300087137716087;0.1807960638101951
1.3407148607697135;0.18448413644707806
1.3813425838233417;0.1881371461639862
1.42197030687697;0.19175650279840598
1.4625980299305965;0.19534352544939346
1.5032257529842248;0.19889945069467907
1.543853476037853;0.2024254398651237
1.5844811990914796;0.2059225855062302
1.6251089221451078;0.2093919171357506
1.665736645198736;0.21283440638948503
1.7063643682523626;0.2162509716333993
1.7469920913059909;0.21964248210861603
1.7876198143596191;0.22300976166620168
1.8282475374132456;0.22635359214061682
1.868875260466874;0.22967471640393453
1.9095029835205022;0.23297384113722833
1.9501307065741287;0.23625163935070495
1.990758429627757;0.23950875268005556
2.0313861526813852;0.24274579348300332
2.0720138757350117;0.2459633467570331
2.11264159878864;0.24916197189672235
2.1532693218422683;0.2523422043068807
2.1938970448958948;0.25550455688579743
2.234524767949523;0.25864952139124203
2.2751524910031513;0.26177756970042737
2.315780214056778;0.2648891549738942
2.356407937110406;0.26798471273218416
2.3970356601640344;0.27106466185321315
2.437663383217661;0.27412940549741815
2.478291106271289;0.277179331967014
2.5189188293249174;0.28021481550504646
2.559546552378544;0.28323621703935514
2.600174275432172;0.28624388487605124
2.6408019984858004;0.28923815534666497
2.681429721539427;0.2922193534127179
2.722057444593055;0.2951877932311191
2.7626851676466835;0.29814377868346664
2.80331289070031;0.3010876038720513
2.8439406137539383;0.3040195535851072
2.8845683368075665;0.30693990373362484
2.925196059861193;0.3098489217618387
2.9658237829148213;0.3127468670333171
3.0064515059684496;0.31563399119441765
3.047079229022076;0.3185105385167205
3.0877069520757043;0.32137674621991924
3.1283346751293326;0.324232844776525
3.168962398182959;0.3270790581996304
3.2095901212365874;0.32991560431487954
3.2502178442902157;0.3327426950176985
3.290845567343842;0.33556053651675916
3.3314732903974704;0.33836932956457366
3.3721010134510987;0.34116926967604716
3.412728736504725;0.3439605473357555
3.4533564595583535;0.34674334819465635
3.4939841826119817;0.3495178532568897
3.5346119056656082;0.352284239057277
3.5752396287192365;0.35504267783008275
3.615867351772865;0.35779333766956334
3.6564950748264913;0.3605363826827905
3.6971227978801195;0.3632719731352026
3.737750520933748;0.3660002655893062
3.7783782439873743;0.36872141303692046
3.8190059670410026;0.3714355650253322
3.859633690094631;0.37414286777770295
3.9002614131482574;0.37684346430804844
3.9408891362018856;0.37953749453108854
3.981516859255514;0.38222509536724747
4.02214458230914;0.3849064008430661
4.062772305362769;0.3875815421872702
4.103400028416397;0.39025064792272546
4.1440277514700234;0.39291384395449364
4.184655474523652;0.39557125365419227
4.22528319757728;0.39822299794084737
4.2659109206309065;0.4008691953584176
4.306538643684535;0.4035099621501574
4.347166366738163;0.4061454123299764
4.3877940897917895;0.4087756577509444
4.428421812845418;0.41140080817108005
4.469049535899044;0.4140209713165569
4.509677258952673;0.41663625294244955
4.550304982006301;0.4192467568911374
4.590932705059927;0.4218525851484768
4.631560428113556;0.42445383789784596
4.672188151167184;0.42705061357216123
4.71281587422081;0.4296430089039577
4.753443597274439;0.4322311189736229
4.794071320328067;0.4348150372558668
4.834699043381693;0.43739485566450714
4.875326766435322;0.43997066459564493
4.91595448948895;0.442542552969301
4.9565822125425765;0.44511060826958126
4.997209935596205;0.4476749165834337
5.037837658649833;0.45023556263805864
5.0784653817034595;0.4527926298370285
5.119093104757088;0.4553462002951729
5.159720827810716;0.45789635487228003
5.200348550864343;0.46044317320566386
5.240976273917971;0.4629867337416442
5.281603996971599;0.465527113765984
5.322231720025226;0.46806438943332646
5.362859443078854;0.47059863579567185
5.403487166132482;0.4731299268299334
5.444114889186109;0.47565833546460806
5.484742612239737;0.47818393360559747
5.525370335293365;0.48070679216121226
5.565998058346992;0.4832269810663916
5.60662578140062;0.4857445693061683
5.647253504454248;0.4882596249384078
5.687881227507875;0.49077221511585
5.728508950561503;0.4932824061074786
5.769136673615131;0.4957902633192444
5.809764396668759;0.4982958513141664
5.850392119722386;0.500799233831833
5.891019842776013;0.5033004738073262
5.931647565829642;0.5057996333895896
5.972275288883269;0.5082967739592599
6.0129030119368965;0.5107919561459823
6.053530734990525;0.5132852398452263
6.094158458044152;0.515776684234622
6.1347861810977795;0.5182663477898318
6.175413904151408;0.5207542882999755
6.216041627205035;0.5232405628826223
6.2566693502586626;0.5257252279983669
6.297297073312291;0.5282083394650018
6.337924796365918;0.5306899524713022
6.378552519419546;0.5331701215904336
6.419180242473174;0.5356489007929972
6.459807965526801;0.5381263434597238
6.500435688580429;0.5406025023938289
6.541063411634057;0.5430774298330395
6.581691134687684;0.5455511774613039
6.622318857741311;0.5480237964201938
6.662946580794938;0.5504953373200104
6.703574303848565;0.5529658502506023
6.744202026902192;0.5554353847919059
6.784829749955819;0.5579039900242156
6.825457473009446;0.5603717145381945
6.866085196063072;0.5628386064446308
6.906712919116699;0.5653047133839513
6.947340642170326;0.5677700825354963
6.987968365223953;0.5702347606265659
7.02859608827758;0.5726987939412427
7.069223811331207;0.5751622283289993
7.109851534384834;0.5776251092130964
7.150479257438461;0.580087481598777
7.191106980492087;0.5825493900812653
7.2317347035457145;0.5850108788535732
7.272362426599341;0.587471991714122
7.312990149652968;0.5899327720741845
7.353617872706595;0.5923932629651516
7.394245595760222;0.5948535070456308
7.434873318813849;0.5973135466083788
7.475501041867475;0.5997734235870749
7.516128764921103;0.6022331795629392
7.556756487974729;0.6046928557712001
7.5973842110283565;0.6071524931074151
7.638011934081983;0.6096121321336488
7.6786396571356095;0.6120718130845137
7.719267380189237;0.6145315758730756
7.759895103242863;0.6169914600966282
7.800522826296491;0.6194515050423413
7.841150549350117;0.6219117496927846
7.881778272403745;0.624372232731332
7.922405995457371;0.6268329925474483
7.963033718510998;0.6292940672418622
8.003661441564626;0.6317554946316292
8.04428916461825;0.6342173122550856
8.084916887671879;0.6366795573766991
8.125544610725505;0.639142266991816
8.166172333779132;0.6416054778313093
8.20680005683276;0.6440692263661308
8.247427779886385;0.6465335488117682
8.288055502940013;0.6489984811326103
8.32868322599364;0.6514640590462233
8.369310949047266;0.6539303180275398
8.409938672100894;0.6563972933129628
8.450566395154521;0.6588650199043874
8.491194118208147;0.6613335325731409
8.531821841261774;0.6638028658638454
8.5724495643154;0.6662730540982036
8.613077287369029;0.6687441313787093
8.653705010422655;0.6712161315922859
8.694332733476282;0.6736890884138533
8.73496045652991;0.6761630353098261
8.775588179583535;0.6786380055415432
8.816215902637163;0.6811140321686331
8.85684362569079;0.6835911480523131
8.897471348744416;0.6860693858586278
8.938099071798044;0.6885487780616241
8.978726794851669;0.6910293569464685
9.019354517905297;0.693511154612505
9.059982240958924;0.6959942029762559
9.10060996401255;0.6984785337743679
9.141237687066178;0.7009641785665028
9.181865410119803;0.7034511687381769
9.222493133173431;0.7059395355035463
9.263120856227058;0.7084293099081436
9.303748579280684;0.7109205228315645
9.344376302334313;0.7134132049901062
9.385004025387937;0.7159073869393584
9.425631748441566;0.7184030990767488
9.466259471495192;0.7209003716440431
9.506887194548819;0.7233992347298015
9.547514917602447;0.7258997182717914
9.588142640656072;0.7284018520593595
9.6287703637097;0.7309056657357608
9.669398086763326;0.7334111888004492
9.710025809816953;0.7359184506113285
9.750653532870581;0.738427480386964
9.791281255924208;0.7409383072087575
9.831908978977834;0.7434509600230854
9.87253670203146;0.7459654676434005
9.913164425085087;0.7484818587522992
9.953792148138715;0.7510001619035537
9.994419871192342;0.753520405524111
10.035047594245968;0.756042617916059
10.075675317299595;0.7585668272585598
10.116303040353221;0.7610930616097525
10.15693076340685;0.763621348908624
10.197558486460476;0.76615171697685
10.238186209514103;0.7686841935206075
10.27881393256773;0.7712188061323558
10.319441655621356;0.7737555822925924
10.360069378674984;0.7762945493715785
10.40069710172861;0.7788357346310382
10.441324824782237;0.7813791652258318
10.481952547835865;0.7839248682056021
10.522580270889492;0.7864728705163954
10.563207993943118;0.7890231990022575
10.603835716996745;0.7915758804068054
10.644463440050371;0.7941309413747747
10.685091163104;0.7966884084535439
10.725718886157626;0.7992483080946351
10.766346609211253;0.8018106666551921
10.806974332264879;0.8043755103994371
10.847602055318506;0.8069428655001053
10.888229778372134;0.8095127580398576
10.92885750142576;0.8120852140126731
10.969485224479387;0.8146602593252218
11.010112947533013;0.8172379197982156
11.05074067058664;0.8198182211677412
11.091368393640268;0.8224011890865728
11.131996116693895;0.8249868491254664
11.172623839747521;0.8275752267744353
11.213251562801148;0.8301663474440077
11.253879285854774;0.8327602364664664
11.294507008908402;0.8353569190970701
11.335134731962029;0.8379564205152599
11.375762455015655;0.8405587658258459
11.416390178069282;0.8431639800601801
11.457017901122908;0.8457720881773112
11.497645624176537;0.8483831150651244
11.538273347230163;0.8509970855414656
11.57890107028379;0.8536140243552495
11.619528793337418;0.8562339561875542
11.660156516391043;0.8588569056526995
11.70078423944467;0.8614828972993115
11.741411962498297;0.8641119556113733
11.782039685551924;0.8667441050092609
11.822667408605552;0.869379369850766
11.863295131659179;0.8720177744321056
11.903922854712805;0.8746593429889177
11.944550577766432;0.8773040996972445
11.985178300820058;0.8799520686745033
12.025806023873686;0.8826032739804432
12.066433746927313;0.8852577396180925
12.10706146998094;0.8879154895346909
12.147689193034566;0.8905765476226121
12.188316916088192;0.8932409377202735
12.22894463914182;0.8959086836130353
12.269572362195447;0.8985798090340882
12.310200085249074;0.9012543376653293
12.3508278083027;0.9039322931382284
12.391455531356327;0.9066136990346834
12.432083254409955;0.909298578887864
12.472710977463581;0.911986956183047
12.513338700517208;0.9146788543584401
12.553966423570834;0.9173742968059966
12.594594146624463;0.9200733068722199
12.63522186967809;0.9227759078589587
12.675849592731716;0.9254821230241926
12.716477315785342;0.9281919755828087
12.75710503883897;0.9309054887073688
12.797732761892597;0.9336226855288675
12.838360484946223;0.9363435891374828
12.87898820799985;0.9390682225833163
12.919615931053476;0.9417966088771259
12.960243654107105;0.9445287709910498
13.000871377160731;0.9472647318593229
13.041499100214358;0.9500045143789844
13.082126823267986;0.9527481414105774
13.122754546321612;0.9554956357788419
13.163382269375239;0.9582470202733985
13.204009992428865;0.9610023176494256
13.244637715482494;0.9637615506283289
13.28526543853612;0.9665247418984035
13.325893161589747;0.9692919141154893
13.366520884643373;0.9720630899036182
13.407148607697001;0.9748382918556556
13.447776330750628;0.9776175425339347
13.488404053804254;0.9804008644708833
13.529031776857881;0.9831882801696452
13.56965949991151;0.9859798121046942
13.610287222965136;0.9887754827224421
13.650914946018762;0.99157531444184
13.691542669072389;0.9943793296549742
13.732170392126017;0.997187550727655
13.772798115179643;1
13.81342583823327;1.0028166997870116
13.854053561286898;1.005637672379149
13.894681284340525;1.0084629400428926
13.935309007394151;1.0112925250213056
13.975936730447778;1.014126449534588
14.016564453501406;1.016964735780626
14.057192176555033;1.0198074059355349
14.097819899608659;1.022654482154199
14.138447622662285;1.0255059865708038
14.179075345715914;1.0283619412993645
14.21970306876954;1.0312223684342492
14.260330791823167;1.0340872900506968
14.300958514876793;1.03695672820533
14.341586237930422;1.0398307049366646
14.382213960984048;1.0427092422656123
14.422841684037675;1.0455923621959797
14.463469407091301;1.0484800867149635
14.50409713014493;1.051372437793639
14.544724853198556;1.054269437387447
14.585352576252182;1.0571711074366736
14.62598029930581;1.0600774698669277
14.666608022359437;1.0629885465896125
14.707235745413064;1.0659043595023945
14.74786346846669;1.0688249304896673
14.788491191520317;1.0717502814230113
14.829118914573945;1.0746804341616503
14.869746637627571;1.0776154105529028
14.910374360681198;1.0805552324326304
14.951002083734824;1.0834999216256829
14.991629806788453;1.086449499946337
15.032257529842079;1.0894039891987346
15.072885252895706;1.0923634111773157
15.113512975949332;1.0953277876672476
15.15414069900296;1.0982971404448503
15.194768422056587;1.1012714912780202
15.235396145110213;1.1042508619266482
15.27602386816384;1.1072352741430356
15.316651591217466;1.1102247496723057
15.357279314271095;1.1132193102528138
15.397907037324721;1.1162189776165519
15.438534760378348;1.1192237734895514
15.479162483431974;1.122233719592283
15.5197902064856;1.1252488376400516
15.560417929539229;1.1282691493433905
15.601045652592855;1.1312946764084508
15.641673375646482;1.1343254405373888
15.682301098700108;1.13736146342875
15.722928821753735;1.1404027667778505
15.763556544807363;1.1434493722771544
15.80418426786099;1.1465013016166508
15.844811990914616;1.1495585764842255
15.885439713968244;1.152621218566032
15.926067437021869;1.1556892495468576
15.966695160075497;1.1587626911104885
16.007322883129127;1.1618415649400728
16.047950606182752;1.1649258927184785
16.088578329236377;1.1680156961286512
16.12920605229;1.1711109968539686
16.169833775343633;1.1742118165785917
16.210461498397258;1.1773181769878156
16.251089221450883;1.1804300997684147
16.291716944504515;1.1835476066089892
16.33234466755814;1.1866707192003059
16.372972390611764;1.1897994592356398
16.413600113665396;1.1929338484111107
16.45422783671902;1.1960739084260192
16.494855559772645;1.1992196609831798
16.53548328282627;1.202371127789252
16.576111005879902;1.2055283305550695
16.616738728933527;1.2086912909959675
16.65736645198715;1.2118600308321064
16.697994175040783;1.2150345717887951
16.738621898094408;1.218214935596812
16.779249621148033;1.2214011439927228
16.819877344201664;1.2245932187191986
16.86050506725529;1.2277911815253288
16.901132790308914;1.2309950541669354
16.941760513362546;1.2342048584068834
16.98238823641617;1.2374206160153898
17.023015959469795;1.2406423487703309
17.06364368252342;1.2438700784575474
17.10427140557705;1.247103826871149
17.144899128630676;1.2503436158138148
17.1855268516843;1.2535894670970946
17.226154574737933;1.2568414025417067
17.266782297791558;1.2600994439778344
17.307410020845182;1.2633636132454216
17.348037743898814;1.2666339321944657
17.38866546695244;1.26991042268531
17.429293190006064;1.2731931065889321
17.46992091305969;1.2764820057872348
17.51054863611332;1.2797771421733313
17.551176359166945;1.283078537651831
17.59180408222057;1.2863862141391245
17.6324318052742;1.2897001935636643
17.673059528327826;1.2930204978662474
17.71368725138145;1.2963471490002936
17.754314974435083;1.299680168932124
17.794942697488707;1.3030195796412378
17.835570420542332;1.3063654031205871
17.876198143595964;1.3097176613768513
17.91682586664959;1.3130763764307092
17.957453589703213;1.3164415703171104
17.998081312756838;1.3198132650855448
18.03870903581047;1.3231914828003113
18.079336758864095;1.3265762455407857
18.11996448191772;1.3299675754016858
18.16059220497135;1.333365494493336
18.201219928024976;1.3367700249419316
18.2418476510786;1.3401811888898012
18.282475374132233;1.3435990084956664
18.323103097185857;1.347023505934903
18.363730820239482;1.3504547033997991
18.404358543293107;1.3538926230998134
18.44498626634674;1.3573372872618306
18.485613989400363;1.3607887181304172
18.526241712453988;1.3642469379680764
18.56686943550762;1.3677119690555002
18.607497158561245;1.3711838336918216
18.64812488161487;1.3746625541948663
18.6887526046685;1.378148152901402
18.729380327722126;1.3816406521673872
18.77000805077575;1.38514007436822
18.810635773829375;1.3886464418989841
18.851263496883007;1.3921597771746952
18.891891219936632;1.3956801026305456
18.932518942990257;1.3992074407221484
18.97314666604389;1.4027418139257806
19.013774389097513;1.4062832447386246
19.054402112151138;1.409831755679011
19.09502983520477;1.4133873692866565
19.135657558258394;1.4169501081229052
19.17628528131202;1.4205199947709664
19.21691300436565;1.4240970518361518
19.257540727419276;1.427681301946113
19.2981684504729;1.4312727677510773
19.338796173526525;1.4348714719240825
19.379423896580157;1.438477437161211
19.42005161963378;1.4420906861818237
19.460679342687406;1.4457112417287925
19.501307065741038;1.4493391265687319
19.541934788794663;1.4529743634922307
19.582562511848288;1.4566169753140819
19.62319023490192;1.4602669848735121
19.663817957955544;1.4639244150344106
19.70444568100917;1.4675892886855577
19.745073404062794;1.4712616287408515
19.785701127116425;1.4749414581395353
19.82632885017005;1.4786287998464225
19.866956573223675;1.482323676852123
19.907584296277307;1.4860261121732676
19.94821201933093;1.4897361288527307
19.988839742384556;1.493453749959855
20.029467465438188;1.4971789985906738
20.070095188491813;1.5009118978681326
20.110722911545437;1.5046524709423106
20.151350634599062;1.5084007409906413
20.191978357652694;1.5121567312181323
20.23260608070632;1.5159204648575861
20.273233803759943;1.5196919651698173
20.313861526813575;1.523471255443872
20.3544892498672;1.5272583589972453
20.395116972920825;1.5310532991760981
20.435744695974456;1.5348560993554743
20.47637241902808;1.5386667829395162
20.517000142081706;1.5424853733616808
20.557627865135338;1.5463118940849538
20.598255588188962;1.5501463686020653
20.638883311242587;1.5539888204357022
20.679511034296212;1.557839273138723
20.720138757349844;1.5616977502943699
20.76076648040347;1.5655642755164814
20.801394203457093;1.5694388724497046
20.842021926510725;1.5733215647697065
20.88264964956435;1.5772123761833847
20.923277372617974;1.5811113304290776
20.963905095671606;1.5850184512767758
21.00453281872523;1.5889337625283306
21.045160541778856;1.5928572880176635
21.085788264832487;1.5967890516109748
21.126415987886112;1.6007290772069522
21.167043710939744;1.6046773887369787
21.20767143399337;1.6086340101653398
21.248299157046993;1.6125989654894308
21.288926880100625;1.6165722787399637
21.32955460315425;1.6205539739811727
21.370182326207882;1.6245440753110214
21.410810049261507;1.6285426068614073
21.45143777231514;1.6325495927983673
21.492065495368763;1.6365650573222823
21.532693218422388;1.640589024668082
21.57332094147602;1.644621519105449
21.613948664529644;1.648662564939022
21.654576387583276;1.6527121865086
21.6952041106369;1.6567704081893448
21.735831833690526;1.660837254391984
21.776459556744157;1.6649127495630132
21.817087279797782;1.668996918184898
21.857715002851414;1.6730897847762767
21.89834272590504;1.6771913738921604
21.93897044895867;1.6813017101241359
21.979598172012295;1.685420818100565
22.02022589506592;1.689548722486786
22.060853618119552;1.6936854479853138
22.101481341173177;1.6978310193360402
22.14210906422681;1.7019854613164336
22.182736787280433;1.706148798741738
22.223364510334065;1.7103210564651736
22.26399223338769;1.7145022593781343
22.304619956441314;1.7186924324103874
22.345247679494946;1.7228916005302721
22.38587540254857;1.7270997887448978
22.426503125602203;1.7313170221003416
22.467130848655827;1.7355433256818469
22.507758571709452;1.7397787246140208
22.548386294763084;1.7440232440610315
22.58901401781671;1.7482769092268051
22.62964174087034;1.7525397453552234
22.670269463923965;1.7568117777303198
22.710897186977597;1.7610930316764768
22.751524910031222;1.765383532558622
22.792152633084847;1.7696833057824242
22.83278035613848;1.7739923767944896
22.873408079192103;1.7783107710825576
22.914035802245735;1.7826385141756966
22.95466352529936;1.7869756316444996
22.995291248352984;1.7913221491012796
23.035918971406616;1.7956780922002642
23.07654669446024;1.8000434866377915
23.117174417513873;1.8044183581525044
23.157802140567497;1.808802732525546
23.198429863621122;1.8131966355807538
23.239057586674754;1.8176000931848542
23.27968530972838;1.8220131312476566
23.32031303278201;1.8264357757222485
23.360940755835635;1.8308680526051884
23.401568478889267;1.8353099879367007
23.44219620194289;1.8397616078008698
23.482823924996516;1.8442229383258326
23.52345164805015;1.8486940056839736
23.564079371103773;1.8531748360921176
23.604707094157405;1.8576654558117232
23.64533481721103;1.8621658911490764
23.685962540264654;1.866676168455484
23.726590263318286;1.8711963141274666
23.76721798637191;1.8757263546069514
23.807845709425543;1.880266316381466
23.848473432479167;1.8848162259843304
23.8891011555328;1.889376109994851
23.929728878586424;1.893945995038512
23.97035660164005;1.89852590778717
24.01098432469368;1.9031158749592445
24.051612047747305;1.9077159233199128
24.092239770800937;1.9123260796813006
24.13286749385456;1.916946370902676
24.173495216908186;1.921576823890641
24.21412293996182;1.9262174655993247
24.254750663015443;1.9308683230305752
24.295378386069075;1.9355294232341522
24.3360061091227;1.9402007933079195
24.37663383217633;1.944882460398037
24.417261555229956;1.9495744516991533
24.45788927828358;1.9542767944545973
24.498517001337213;1.9589895159565718
24.539144724390837;1.9637126435463441
24.57977244744447;1.96844620461444
24.620400170498094;1.9731902266008343
24.66102789355172;1.9779447369951444
24.70165561660535;1.9827097633368218
24.742283339658975;1.9874853332153446
24.782911062712607;1.9922714742704095
24.82353878576623;1.9970682141921243
24.864166508819864;2.0018755807212
24.90479423187349;2.006693601649144
24.945421954927113;2.01152230481845
24.986049677980745;2.0163617181227926
25.02667740103437;2.021211869507219
25.067305124088;2.0260727869683426
25.107932847141626;2.0309444985545317
25.14856057019525;2.035827032366106
25.189188293248883;2.040720416555527
25.229816016302507;2.04562467932759
25.27044373935614;2.0505398489396196
25.311071462409764;2.055465953701659
25.351699185463396;2.060403021976664
25.39232690851702;2.0653510821806966
25.432954631570645;2.070310162783116
25.473582354624277;2.075280292306773
25.5142100776779;2.080261499328201
25.554837800731534;2.085253812477812
25.59546552378516;2.090257260440086
25.636093246838783;2.0952718719537673
25.676720969892415;2.100297675812055
25.71734869294604;2.105334700862799
25.75797641599967;2.11038297600869
25.798604139053296;2.115442530207456
25.839231862106928;2.1205133924720543
25.879859585160553;2.1255955918708644
25.920487308214177;2.1306891575278843
25.96111503126781;2.135794118622921
26.001742754321434;2.1409105043917855
26.042370477375066;2.1460383441264885
26.08299820042869;2.151177667175432
26.123625923482315;2.1563285029436043
26.164253646535947;2.1614908808927757
26.20488136958957;2.1666648305416905
26.245509092643204;2.171850381466262
26.28613681569683;2.177047563299769
26.32676453875046;2.1822564057330482
26.367392261804085;2.1874769385146906
26.40801998485771;2.1927091914512356
26.44864770791134;2.1979531944073654
26.489275430964966;2.2032089773061023
26.529903154018598;2.2084765701290014
26.570530877072223;2.213756002916349
26.611158600125847;2.2190473057673556
26.65178632317948;2.2243505088403523
26.692414046233104;2.229665642352988
26.733041769286736;2.2349927365824227
26.77366949234036;2.240331821865527
26.814297215393992;2.2456829285990763
26.854924938447617;2.251046087239947
26.89555266150124;2.2564213283053136
26.936180384554874;2.2618086823728465
26.9768081076085;2.267208180080907
27.01743583066213;2.272619852128746
27.058063553715755;2.2780437292766993
27.09869127676938;2.2834798423463876
27.13931899982301;2.2889282222209113
27.179946722876636;2.2943888998450506
27.220574445930268;2.2998619062254613
27.261202168983893;2.305347272430874
27.301829892037524;2.310845029592293
27.34245761509115;2.3163552089031922
27.383085338144774;2.3218778416197163
27.423713061198406;2.327412959060879
27.46434078425203;2.33296059260876
27.504968507305662;2.3385207737087073
27.545596230359287;2.3440935338695326
27.58622395341291;2.349678904663715
27.626851676466543;2.355276917727598
27.667479399520168;2.360887604761589
27.7081071225738;2.3665109975303626
27.748734845627425;2.372147127863056
27.78936256868105;2.3777960276534746
27.82999029173468;2.3834577288602885
27.870618014788306;2.389132263507236
27.911245737841938;2.3948196636833234
27.951873460895563;2.4005199615430275
27.992501183949194;2.406233189306495
28.03312890700282;2.4119593792597467
28.073756630056444;2.4176985637548776
28.114384353110076;2.42345077521026
28.1550120761637;2.4292160461107453
28.195639799217332;2.4349944090078677
28.236267522270957;2.4407858965200453
28.27689524532458;2.446590541332785
28.317522968378206;2.4524083761988837
28.35815069143183;2.4582394339386338
28.398778414485463;2.464083747440026
28.439406137539088;2.4699413496589524
28.480033860592712;2.4758122736194133
28.520661583646337;2.4816965524137187
28.561289306699962;2.4875942192026947
28.601917029753594;2.4935053072158886
28.64254475280722;2.4994298497517726
28.683172475860843;2.5053678801779506
28.723800198914468;2.511319431931363
28.764427921968093;2.517284538518494
28.805055645021724;2.523263233515575
28.84568336807535;2.5292555505687946
28.886311091128974;2.5352615233945026
28.9269388141826;2.5412811857794178
28.967566537236223;2.547314571580835
29.008194260289848;2.553361714726833
29.04882198334348;2.5594226492164824
29.089449706397104;2.5654974091200526
29.13007742945073;2.5715860285792203
29.170705152504354;2.5776885418072797
29.21133287555798;2.583804983089349
29.25196059861161;2.58993538678258
29.292588321665235;2.5960797873163686
29.33321604471886;2.602238219192564
29.373843767772485;2.6084107169856776
29.41447149082611;2.6145973153430946
29.45509921387974;2.6207980489852836
29.495726936933366;2.627012952706007
29.53635465998699;2.6332420613725334
29.576982383040615;2.6394854099258476
29.61761010609424;2.645743033380863
29.658237829147872;2.6520149668266333
29.698865552201497;2.6583012454265647
29.73949327525512;2.664601904418628
29.780120998308746;2.670916979115573
29.82074872136237;2.6772465049051393
29.861376444416003;2.683590517250271
29.902004167469627;2.6899490516893305
29.942631890523252;2.6963221438363125
29.983259613576877;2.7027098293810576
30.0238873366305;2.709112144089468
30.064515059684133;2.715529123803722
30.105142782737758;2.7219608044424883
30.145770505791383;2.7284072220011435
30.186398228845007;2.7348684125519855
30.227025951898632;2.7413444122444535
30.267653674952257;2.74783525730534
30.30828139800589;2.7543409840390107
30.348909121059513;2.7608616288276218
30.389536844113138;2.767397228131335
30.430164567166763;2.773947818488538
30.470792290220388;2.7805134365160606
30.51142001327402;2.7870941189093954
30.552047736327644;2.7936899024429147
30.59267545938127;2.8003008239700904
30.633303182434894;2.806926920423714
30.67393090548852;2.8135682288161155
30.71455862854215;2.820224786239384
30.755186351595775;2.8268966298655887
30.7958140746494;2.833583796946999
30.836441797703024;2.840286324816306
30.87706952075665;2.8470042508868447
30.91769724381028;2.853737612652815
30.958324966863906;2.8604864476895036
30.99895268991753;2.867250793653508
31.039580412971155;2.87403068828296
31.08020813602478;2.8808261693977455
31.120835859078404;2.8876372748997325
31.161463582132036;2.894464042772993
31.20209130518566;2.9013065110840257
31.242719028239286;2.9081647179819856
31.28334675129291;2.9150387016989043
31.323974474346535;2.9219285005499183
31.364602197400167;2.9288341529334927
31.40522992045379;2.935755697331651
31.445857643507416;2.9426931723101974
31.48648536656104;2.949646616518948
31.527113089614666;2.9566160686919547
31.567740812668298;2.9636015676477343
31.608368535721922;2.9706031522894976
31.648996258775547;2.9776208616053763
31.689623981829172;2.984654734668653
31.730251704882797;2.99170481063799
31.77087942793643;2.9987711287576593
31.811507150990053;3.005853728357772
31.852134874043678;3.012952648854509
31.892762597097303;3.020067929750353
31.933390320150927;3.0271996106343178
31.974018043204552;3.034347731182181
32.014645766258184;3.0415123311567167
32.05527348931181;3.048693450407926
32.09590121236543;3.055891128873273
32.13652893541906;3.063105406577913
32.17715665847268;3.0703363236349315
32.217784381526315;3.0775839202455755
32.25841210457994;3.084848236699487
32.299039827633564;3.0921293133749415
32.33966755068719;3.0994271907390787
32.38029527374081;3.106741909348141
32.420922996794445;3.1140735098477106
32.46155071984807;3.1214220329729416
32.502178442901695;3.128787519548802
32.54280616595532;3.136170010490309
32.583433889008944;3.1435695468027647
32.624061612062576;3.1509861695819974
32.6646893351162;3.158419920014599
32.705317058169825;3.165870839378164
32.74594478122345;3.1733389690415286
32.786572504277075;3.180824350465011
32.8272002273307;3.1883270252006533
32.86782795038433;3.195847034892458
32.908455673437956;3.2033844212766334
32.94908339649158;3.2109392261818344
32.989711119545206;3.218511491529403
33.03033884259883;3.2261012593336114
33.07096656565246;3.2337085717019063
33.11159428870609;3.241333470835151
33.15222201175971;3.2489759990278686
33.192849734813336;3.256636198668488
33.23347745786696;3.264314112239589
33.27410518092059;3.272009782318144
33.31473290397422;3.279723251575769
33.35536062702784;3.2874545627789633
33.39598835008147;3.295203758789362
33.43661607313509;3.30297088256398
33.47724379618872;3.3107559771554587
33.51787151924235;3.3185590857123173
33.55849924229597;3.3263802514791974
33.5991269653496;3.3342195177971146
33.63975468840322;3.342076928103706
33.68038241145685;3.3499525259334813
33.72101013451048;3.3578463549180717
33.761637857564104;3.365758458786483
33.80226558061773;3.373688881365344
33.84289330367135;3.38163766657916
33.88352102672498;3.3896048584505643
33.92414874977861;3.397590501100571
33.964776472832234;3.405594638748828
34.00540419588586;3.4136173157138705
34.046031918939484;3.4216585764133756
34.08665964199311;3.4297184653644157
34.12728736504674;3.437797027183716
34.167915088100365;3.4458943065879066
34.20854281115399;3.4540103483937816
34.249170534207614;3.462145197518554
34.28979825726124;3.4702988989801122
34.33042598031487;3.4784714978972793
34.371053703368496;3.48666303949007
34.41168142642212;3.4948735690799495
34.452309149475745;3.503103132090092
34.49293687252937;3.5113517740456404
34.533564595582995;3.519619540573966
34.57419231863663;3.5279064774049305
34.61482004169025;3.536212630371145
34.655447764743876;3.544538045408233
34.6960754877975;3.5528827685550914
34.736703210851125;3.5612468459541544
34.77733093390476;3.569630323851655
34.81795865695838;3.578033248597889
34.85858638001201;3.5864556666474807
34.89921410306563;3.594897624559645
34.939841826119256;3.603359168998454
34.98046954917289;3.6118403467331035
35.02109727222651;3.620341204638177
35.06172499528014;3.6288617896939135
35.10235271833376;3.637402148986476
35.14298044138739;3.6459623297082167
35.18360816444102;3.654542379157947
35.22423588749464;3.6631423447412064
35.26486361054827;3.6717622739705313
35.30549133360189;3.680402214465726
35.34611905665552;3.6890622139541303
35.38674677970914;3.6977423202708937
35.427374502762774;3.7064425813592456
35.4680022258164;3.7151630452707676
35.50862994887002;3.723903760165665
35.54925767192365;3.7326647743130414
35.58988539497727;3.741446136091173
35.630513118030905;3.7502478939877797
35.67114084108453;3.759070096600304
35.711768564138154;3.7679127926361837
35.75239628719178;3.7767760309131284
35.793024010245404;3.785659860359395
35.833651733299035;3.7945643300140683
35.87427945635266;3.803489489027334
35.914907179406285;3.81243538666076
35.95553490245991;3.8214020722875746
35.996162625513534;3.8303895953929437
36.036790348567166;3.839398005574254
36.07741807162079;3.848427352541391
36.118045794674416;3.857477686117021
36.15867351772804;3.866549056236872
36.199301240781665;3.875641512950017
36.23992896383529;3.884755106419156
36.28055668688892;3.8938898869208987
36.321184409942546;3.9030459048460497
36.36181213299617;3.9122232106998918
36.402439856049796;3.9214218551024724
36.44306757910342;3.930641888788888
36.48369530215705;3.93988336260957
36.52432302521068;3.9491463275305736
36.5649507482643;3.9584308346338632
36.605578471317926;3.9677369351176015
36.64620619437155;3.9770646802964373
36.68683391742518;3.986414121601796
36.72746164047881;3.9957853105821677
36.76808936353243;4.005178298903399
36.80871708658606;4.014593138348983
36.84934480963968;4.024029880820351
36.889972532693314;4.033488578337168
36.93060025574694;4.042969283037618
36.97122797880056;4.052472047178704
37.01185570185419;4.061996923136543
37.05248342490781;4.071543963406654
37.09311114796144;4.081113220604259
37.13373887101507;4.090704747464574
37.174366594068694;4.100318596843112
37.21499431712232;4.109954821715976
37.25562204017594;4.119613475180155
37.29624976322957;4.129294610453827
37.3368774862832;4.138998280876654
37.377505209336825;4.148724539910085
37.41813293239045;4.158473441137653
37.458760655444074;4.168245038265278
37.4993883784977;4.178039385121568
37.54001610155133;4.18785653565812
37.580643824604955;4.197696543949826
37.62127154765858;4.207559464195174
37.661899270712205;4.21744535071655
37.70252699376583;4.227354257960547
37.74315471681946;4.237286240498269
37.783782439873086;4.247241353025636
37.82441016292671;4.257219650363689
37.865037885980335;4.267221187458904
37.90566560903396;4.277246019383489
37.946293332087585;4.287294201335706
37.98692105514122;4.2973657886401675
38.02754877819484;4.307460836748155
38.068176501248466;4.317579401237927
38.10880422430209;4.327721537815029
38.149431947355716;4.337887302312607
38.19005967040935;4.348076750691718
38.23068739346297;4.358289939041647
38.2713151165166;4.368526923580217
38.31194283957022;4.378787760654105
38.352570562623846;4.389072506739159
38.39319828567748;4.39938121844071
38.4338260087311;4.409713952493893
38.47445373178473;4.420070765763961
38.51508145483835;4.430451715246605
38.55570917789198;4.440856858068272
38.59633690094561;4.451286251486483
38.63696462399923;4.461739952890154
38.67759234705286;4.472218019799919
38.71822007010648;4.482720509868447
38.75884779316011;4.4932474808807665
38.79947551621373;4.50379899075459
38.840103239267364;4.514375097540633
38.88073096232099;4.524975859422941
38.921358685374614;4.5356013347192174
38.96198640842824;4.546251581881141
39.00261413148186;4.5569266594946995
39.043241854535495;4.567626626280513
39.08386957758912;4.578351541094165
39.124497300642744;4.589101462926524
39.16512502369637;4.59987645090408
39.205752746749994;4.610676564289273
39.246380469803626;4.621501862480818
39.28700819285725;4.632352405014041
39.327635915910875;4.643228251561212
39.3682636389645;4.654129461931874
39.408891362018124;4.6650560960731795
39.449519085071756;4.6760082140702215
39.49014680812538;4.6869858761463705
39.530774531179006;4.6979891426636105
39.57140225423263;4.709018074122874
39.612029977286255;4.72007273116438
39.65265770033988;4.731153174567971
39.69328542339351;4.742259465253451
39.73391314644714;4.753391664280926
39.77454086950076;4.764549832851145
39.815168592554386;4.775734032305837
39.85579631560801;4.786944324128057
39.89642403866164;4.798180769942524
39.93705176171527;4.8094434315159695
39.97767948476889;4.820732370757472
40.01830720782252;4.832047649718813
40.05893493087614;4.843389330594813
40.09956265392977;4.854757475723682
40.1401903769834;4.866152147587364
40.18081810003702;4.877573408811888
40.22144582309065;4.889021322167713
40.26207354614427;4.900495950570077
40.302701269197904;4.91199735707935
40.34332899225153;4.9235256049013785
40.38395671530515;4.935080757387844
40.42458443835878;4.946662878036612
40.4652121614124;4.9582720304920835
40.50583988446603;4.96990827854555
40.54646760751966;4.981571686135548
40.587095330573284;4.993262317348214